image,name
gi0c3c7e10,monarch
gl063e0456,black
gmc0c53c37,tiger
goabc6e644,monarch
gpcb27504e,pipevine
gs984d6135,pipevine
gsc64524dc,tiger
guf6eae7c8,monarch
gvbe1f13b9,pipevine
gw3d42f465,monarch
gw4e33008c,tiger
gxa7db3aef,monarch
gy64888084,spicebush
gz26fca495,viceroy
hg99dfdcc4,black
hh5ed30daf,pipevine
hk5ae329d6,tiger
hl9a936e55,black
ho3d35254a,tiger
hp9724b947,viceroy
hr811fea4a,spicebush
hrdc412470,black
hs96da359d,pipevine
ht458b5d7c,viceroy
hv065f368e,monarch
hw92dcdca4,monarch
ig647c6753,pipevine
ij6f1bdceb,pipevine
ijd5f268ac,tiger
ilad5e7f3e,tiger
ilb3d891e0,pipevine
ipd806f38e,viceroy
iq1b15868a,monarch
iq7a282d95,pipevine
ir9392c81e,black
is0bde5c31,pipevine
ive7f41d32,tiger
iw18aa4a41,tiger
iw1a318db9,viceroy
iw490c6ee2,pipevine
iw8242921e,spicebush
iwc69dd007,pipevine
iyfc64aebe,pipevine
iz1c5863e6,tiger
iz60926981,black
iz9731cfad,black
jg34fc3fae,tiger
jg571251e4,spicebush
jh754e2652,monarch
ji1530d143,viceroy
jk551f4909,tiger
jl21a000fc,pipevine
jlef262681,pipevine
jn69b47c5a,black
jocfec477d,monarch
jp8c54d9b5,monarch
jpa06aab77,pipevine
jpfd2c0b65,pipevine
jrb5085768,pipevine
jrb91fc494,black
jtc7a2a3c9,pipevine
jv6f74fc9d,tiger
jv878f519c,tiger
jw2d46aff2,pipevine
jz3cbbaee6,tiger
kgd66077cf,viceroy
kjeee5412a,tiger
kk250a419a,monarch
kk85d2956c,black
kla9f6a614,tiger
km6460bf7c,viceroy
kmd7cd9e5a,black
kn70e87e04,spicebush
kn9af09655,pipevine
ko3f11fc1c,viceroy
kp7560f87e,spicebush
kq27f994ae,monarch
kr6339a660,viceroy
kt0138c85a,black
kt73477c75,pipevine
ktbeb697ec,spicebush
ktd84e973c,spicebush
ktf1d71977,spicebush
ku59399f97,viceroy
kv300fe8a4,pipevine
kv7e8d5de7,pipevine
kva9b758d1,tiger
ky7101fcba,black
lga8962249,pipevine
lgd766ca2a,black
li696380cc,tiger
lja9bb9041,viceroy
ljb2805d74,spicebush
ll129b5b1c,tiger
ll5e5524ee,black
llc7300a0a,monarch
lm860b4815,tiger
lpb0e61c9e,tiger
lq6fa58dcc,tiger
lt1560e828,black
lt5349f299,viceroy
lt79b3474f,spicebush
lu11037933,monarch
lu4d1fba4b,tiger
lv20cc7cc4,monarch
lz3b051416,pipevine
mg5ecf14ec,black
mi9dd8d5fb,spicebush
mie64f35db,pipevine
mja8ffabaf,tiger
mk11ab1e37,monarch
mk3b446909,black
mna3edf515,black
mnc3188597,tiger
moc98400ee,viceroy
mp16e904a4,spicebush
mp53380954,spicebush
mpe085ced4,spicebush
mt7a631a45,viceroy
mue2c6ca89,black
mv6687c36d,viceroy
mw7503131d,viceroy
mz2451647f,pipevine
ng028d8a93,monarch
ng930bc348,pipevine
nhc1772b41,pipevine
nhf65e5728,spicebush
nib617494f,spicebush
nk401c43a8,tiger
nl78d27742,tiger
nn7a35733e,monarch
nnbc83ed65,pipevine
nr25c8f198,black
nr3f801031,spicebush
ns4b06e135,viceroy
ns6084e6b0,black
nuf772206e,viceroy
nw2af64bb1,viceroy
nx8b546919,spicebush
ny35f61cdb,tiger
ny9d73e2be,spicebush
nz508aa386,pipevine
oi0f9660d9,black
ol30662cc7,monarch
om1164593d,black
om186628d0,spicebush
om7859676f,pipevine
on1eed096a,tiger
on7dcb5786,monarch
oo8d849d22,black
oo94975241,tiger
opc4b448c0,tiger
oq12c6059b,viceroy
oq54b6bfe8,black
ot6c023fc1,tiger
oucf99466d,pipevine
ow00808b74,viceroy
oz8267dbc4,spicebush
pkdf4ec7b0,spicebush
pl591bf7c3,pipevine
pl91b255cc,spicebush
pnad97934c,tiger
pob8b69b40,black
pobb6860da,pipevine
pod704d363,spicebush
pq1b0a6b99,monarch
pr754729d1,tiger
ps594a9bb5,viceroy
psa4ac9754,spicebush
psf4b29d6b,monarch
pv8cf82756,tiger
pwef560229,viceroy
pxe2bcc7cf,black
pxff80da9e,viceroy
py229c98bb,tiger
py5b9af014,black
qg9c4031ad,spicebush
qi0b88dc7a,viceroy
qjbd1f2c41,pipevine
qkaf639446,viceroy
qkd0029dd1,spicebush
qke8c0f2e8,tiger
qm57d8f971,monarch
qo11f14011,viceroy
qp0e883d04,monarch
qp62ba6e52,pipevine
qq6ac6a548,tiger
qr6387c740,black
qt4d669706,tiger
qtdb7d0c0f,spicebush
qtde6f32b9,spicebush
qu7ff094cd,spicebush
qv72a1814d,spicebush
qw93b38b25,monarch
qwde65347a,pipevine
qwec4ed4cc,black
qy0ff40277,black
qyda391772,spicebush
qydc695962,tiger
qz2a14284e,viceroy
qz35b4feb5,black
qz645577a4,tiger
qz7e05b2fa,tiger
rgc26dcbc3,pipevine
ri7d26c050,tiger
rj448b7e4d,pipevine
rk53a07894,spicebush
rl0934060e,viceroy
rl287133d9,viceroy
rl29a03a46,tiger
rm7818c923,viceroy
ro42083c86,black
rp89ab09bc,spicebush
rq02ebb2b5,tiger
rv2f7069ee,black
rv35d9549c,black
rv471a57b6,monarch
rv8da61480,monarch
rz72e4bce9,spicebush
sdfc06fb87,monarch
sgda1fe613,black
sk5351ac52,viceroy
sk953bab20,viceroy
sn262c4c71,viceroy
sq463cf7b7,viceroy
sqb165f180,tiger
ss0c626929,black
ss5c99de9b,tiger
ssd6dc0a5c,tiger
st25fb2914,pipevine
stbdd27ebf,black
svfdd1c548,black
sx2e8e3d47,tiger
sy71a7c973,tiger
sz2827eb0a,black
sze5c5c29c,black
tma302a854,tiger
tnf063b70a,viceroy
to0d2386ed,black
tocc84d8da,pipevine
tq4dab8016,spicebush
tr31481cec,black
ts10f77360,viceroy
tt05975238,monarch
tt602ec19a,black
tu3d5b14af,viceroy
tuc9de9cd1,monarch
tue8d8bd82,monarch
tv5d3e6c47,tiger
tva2fd886b,pipevine
tw7e7c92bf,black
twa9ad2a40,black
tx5cc1e06c,tiger
tzfcbe1351,black
ug24e001d3,viceroy
ui5866091e,tiger
uidbfd3c7d,spicebush
um0b74a841,spicebush
un298a3a4d,black
uo5dbc880b,monarch
utc249d4d6,monarch
uw77814b72,spicebush
ux20a28a36,monarch
ux8da1523f,viceroy
uza435b4ef,viceroy
uzcecc859b,black
uze2ec89de,spicebush
vg60f60116,viceroy
vj01c31e4f,viceroy
vj434d8c3f,viceroy
vjc2bd3f74,pipevine
vl95922b93,monarch
vm2e9d048e,tiger
vtd78c89f9,pipevine
vudffa2058,spicebush
vw0c4caa73,monarch
vw6d700942,black
vwd94d4866,monarch
vx6d27e659,pipevine
vxe5d0b5d4,viceroy
vz1144bff4,tiger
vzff7bb5df,tiger
wha4123447,monarch
wk90965f0d,pipevine
wlb754b0d4,black
wnd13f97b7,viceroy
wtca166e01,spicebush
wte764b50a,monarch
wvf7be64cb,viceroy
wxb6564bf4,black
wz95d88be3,tiger
xa7979d1be,viceroy
xgad835050,viceroy
xh358e28d1,monarch
xia4ba3b3d,monarch
xm91c702cc,tiger
xo46301645,viceroy
xod70c0377,pipevine
xp802dac27,pipevine
xqfc61390a,black
xr38dbbfdc,pipevine
xs2bc25774,black
xsc3575c50,tiger
xua375e275,spicebush
xv557c7e42,black
xv721ace94,pipevine
xwbe77f34c,pipevine
xx70b3d19b,tiger
xx76ec6b6e,viceroy
xxbbfce570,viceroy
xycfa5d1fd,spicebush
xz07d5989b,monarch
yga66dd2e6,tiger
yha4fb163b,tiger
yi7e7358d4,monarch
yj4b506963,pipevine
yj53b1c75c,pipevine
yk0cb5fa9d,spicebush
yk176ef7ee,black
yl765ac881,black
ynbf8a0f52,black
yp300e522a,monarch
yq7955d8e0,pipevine
yrfc431c3c,spicebush
ysadaa9e2a,spicebush
yt324500bc,black
yub09f852c,black
yucdbe1b84,tiger
yv4832cebb,viceroy
yv52ca1d04,spicebush
ywc052674d,viceroy
yy0d45e52f,tiger
yy5fc78c86,viceroy
yz2c1879e3,monarch
yz68ffce81,viceroy
zgb5bca798,viceroy
zk34742c07,spicebush
zk4ac442bc,tiger
zm39bb9c23,pipevine
zn44687085,viceroy
zn4f17ccaf,black
zn51b313b4,viceroy
zq5ba56f52,tiger
zq5d5ddd87,spicebush
zqae2d38cb,spicebush
zra3147c7b,pipevine
zs5563e241,black
zs69f51e6f,monarch
zsa94c04f5,pipevine
zueb671a81,monarch
zw272ae07b,pipevine
zw3dd95f47,spicebush
zw785c2987,monarch
zx3c8d1c0a,tiger
zx54a72a62,spicebush
zzc1c6bfc8,spicebush
